turbine_rating_kw,generator_rating_kw,battery_capacity_kwh,battery_peak_power_kw,fuel_mass_kg,ems_tier_raw,generator_setpoint_kw,target_soc_low,target_soc_high,max_charge_c_rate,ecms_equivalence_factor,ems_tier,neg_endurance_h,fuel_burned_kg,degradation_proxy,neg_efficiency,total_mass_kg,endurance_h,efficiency,mission_success,first_violation,final_soc
73.26090725319023,86.36414983255172,33.93895734799695,85.92614294892218,88.62429680864095,2.7274472749524383,54.203699044827864,0.3528235293199028,0.760049456913182,0.6573309029492775,0.5260758027887842,2,-3.401111111111111,79.84335314941546,0.18127101157862657,-0.18010887598627534,983.4064720150998,3.401111111111111,0.18010887598627534,True,,0.7631743158868894
73.77353750833238,61.57052375513089,21.971470468616268,85.8447135974718,94.13121422484575,2.7275772137179293,54.19067891946317,0.3528235293199028,0.8654569195681379,0.9226955936490677,0.5261146067911681,2,-3.6294444444444443,85.35397248749527,0.7460439146259952,-0.17794187537587491,930.9387463900393,3.6294444444444443,0.17794187537587491,True,,0.8684086053819188
73.37781110280173,86.41282376166727,34.93206669526146,86.8489347964184,100.16274636911734,2.9058378475420694,53.632826062905174,0.3528235293199028,0.7502436619288163,1.7559549717229745,0.5260758027887842,2,-4.010833333333333,91.37403188116434,0.15899367075488832,-0.17863151047488574,999.3334087098979,4.010833333333333,0.17863151047488574,True,,0.7580352695400276
73.39715803008855,61.296815249702505,33.47823100491228,85.8447135974718,105.36802420899785,2.727580883360059,58.98209536984694,0.3528235293199028,0.8394206841610505,0.9231304778237839,0.5280095406014882,2,-4.2683333333333335,96.571809290592,0.23278322114075536,-0.17803684174678358,991.948333144782,4.2683333333333335,0.17803684174678358,True,,0.8440941336092207
79.03293701639193,86.36417273266929,22.65855787162766,85.92614294892218,87.88750941881008,2.727147078846312,50.41074668468771,0.3528235293199028,0.7607784618272864,0.6573309029492775,0.5260758027887842,2,-3.2888888888888888,79.15509357249866,0.3440272000137324,-0.17766954516447384,936.5104901172501,3.2888888888888888,0.17766954516447384,True,,0.7625123786745827
73.70501854013693,86.39531418628435,22.279148076147372,84.2950167830617,105.73294307761417,2.727577217290707,54.19067891946317,0.3528235293199028,0.8654205239276214,0.9310376106107274,0.5260746327963602,2,-4.182777777777778,96.96285715292265,0.5461390927371128,-0.1748617462954499,950.0501420948945,4.182777777777778,0.1748617462954499,True,,0.8682509712706707
79.46686124859252,86.50385840098724,21.97295184851824,85.83610989045434,98.69521079513072,2.7177539275043516,54.203699044827864,0.3528235293199028,0.855969583556278,0.9290336893066077,0.5086516219697549,2,-3.792777777777778,89.8929909194235,0.48725734518219094,-0.1747303493194486,944.5891792741008,3.792777777777778,0.1747303493194486,True,,0.8579996607995494
78.95964174285449,86.36417273266929,33.21135999575677,85.92614294892218,88.67633028840604,2.727577246823604,54.203699044827864,0.3528235293199028,0.8370087873763481,0.6573309029492775,0.5260758027887842,2,-3.3280555555555558,79.90662299715937,0.12127052976691671,-0.1775757454480774,983.1444117158561,3.3280555555555558,0.1775757454480774,True,,0.8398220614918439
75.05221285661253,86.36414983255172,28.268390609840374,82.06938783746156,88.62429680864095,2.7274472749524383,54.203699044827864,0.3528235293199028,0.760049456913182,0.8040756730308326,0.5260758027887842,2,-3.3652777777777776,79.84419786349912,0.2953702014295359,-0.17893619533208321,959.6474868248258,3.3652777777777776,0.17893619533208321,True,,0.7630821830794413
77.89642654307474,86.4664552365531,22.279148076147372,85.8447135974718,94.18085122484798,2.727626269104693,54.19067891946317,0.353741316385237,0.8654171121543939,0.9310376106107274,0.5081593045090137,2,-3.565,85.37281252461948,0.5063980327716169,-0.17548816745145293,940.6115395061644,3.565,0.17548816745145293,True,,0.8673809830344706
73.38079809942552,83.10728090831799,34.93206669526146,86.80099759933582,95.74379978278208,2.727431704758049,53.632826062905174,0.3528235293199028,0.7600569573954851,1.7347797368972524,0.5260758027887842,2,-3.778611111111111,86.94720179763594,0.17345535088951095,-0.17925136032286437,994.0895699085372,3.778611111111111,0.17925136032286437,True,,0.7677525171773221
73.30451582926294,87.1944516769102,33.22790032979244,85.8447135974718,100.9515672387133,2.6554396020320037,54.195296461039156,0.3528235293199028,0.8370461834913245,1.7559549717229745,0.5260758027887842,2,-3.9844444444444442,92.08840777805332,0.18557672743866596,-0.17687668865688785,992.8715699412351,3.9844444444444442,0.17687668865688785,True,,0.8449034316197728
73.37781592043324,89.81299863610971,32.66877888767435,85.8447135974718,93.4079355828964,2.727577217290707,54.19712735238296,0.3528235293199028,0.8129778967268788,0.784993071345671,0.5259912402111143,2,-3.602222222222222,84.61996425075125,0.1974271379154383,-0.1779103240666137,983.5882622789854,3.602222222222222,0.1779103240666137,True,,0.8165776975403102
73.37781110280173,89.27695262929824,28.32778230247012,85.82217857129875,100.16274636911734,2.716815799581911,53.63141466016466,0.34747615320240305,0.7797138201400595,1.7542458160654908,0.5168482476770592,2,-3.9516666666666667,91.28354923642108,0.3302960489563071,-0.17714276870510326,971.3351609581476,3.9516666666666667,0.17714276870510326,True,,0.7865628226371433
72.11210764458914,87.87316098204778,28.24296081661116,83.62081304201789,98.62232629801584,2.727577217290707,54.24079677014723,0.34051720141106845,0.8357505872605734,0.6508614750921822,0.5260758027887842,2,-3.8541666666666665,89.85892909828037,0.2844264539183618,-0.1767323856923826,968.4421521771752,3.8541666666666665,0.1767323856923826,True,,0.838129071255948
78.95964174285449,86.36417273266929,21.973131708375256,87.05416621358597,98.69521079513072,2.727577217290707,54.203699044827864,0.3528235293199028,0.8390418734226555,0.807265548815865,0.5260758027887842,2,-3.8041666666666667,89.94838194352721,0.4301521984674641,-0.17496640210673714,944.3014301035307,3.8041666666666667,0.17496640210673714,True,,0.8413019936408346
73.70921048007926,86.51186423226345,32.66877888767435,85.8447135974718,97.2639053230441,2.727577217290707,54.2345999017456,0.34937604977534403,0.8133646893899255,0.7970414185614362,0.5337195639637448,2,-3.8,88.47453743949832,0.23360376634429103,-0.17730482286789495,986.7846456979946,3.8,0.17730482286789495,True,,0.8172612906148836
73.35853683756417,86.3615790482984,21.973131708375256,85.8447135974718,96.75145701716279,2.7275771506571553,54.203699044827864,0.3528235293199028,0.8370087873763481,0.8651925326889595,0.5260758027887842,2,-3.727222222222222,87.9897913723669,0.6764503887792073,-0.17605898046589236,939.556475451825,3.727222222222222,0.17605898046589236,True,,0.8396818454852504
72.11210764458914,89.22916990721035,28.243105791436022,83.62081304201789,99.90312168643634,2.727577217290707,54.203699044827864,0.34781738079048335,0.8356169072461475,0.9507567143508207,0.5260758027887842,2,-3.9130555555555557,91.1179340653695,0.33194891784233016,-0.1763626341283292,970.0625801222118,3.9130555555555557,0.1763626341283292,True,,0.8396239032365774
73.28354023051511,86.50127906184315,33.92345548562249,85.97174699669287,100.29238211377833,2.745007432968079,54.84705539349235,0.3528235293199028,0.7607932241716888,0.6484246056947736,0.5260758027887842,2,-3.9994444444444444,91.50825642337209,0.20801192517198316,-0.17804865190409938,995.0527567145945,3.9994444444444444,0.17804865190409938,True,,0.7638331069498758
73.25792025656644,86.36414983255172,33.93895734799695,85.92614294892218,88.62429680864095,2.7264471974534277,54.36169928537961,0.3528235293199028,0.7750437637045048,0.6785084245264479,0.5260758027887842,2,-3.391111111111111,79.8414966082874,0.17715895920650837,-0.17981182834749912,983.4049785167879,3.391111111111111,0.17981182834749912,True,,0.7781521737988544
73.70501854013693,86.4664552365531,22.279148076147372,85.8447135974718,94.18085122484798,2.727577217290707,54.19067891946317,0.3528235293199028,0.8654171121543939,0.9310376106107274,0.5261134367987441,2,-3.585,85.40954855372145,0.5650916160172744,-0.1761616989653713,938.5158355046955,3.585,0.1761616989653713,True,,0.8682131156019155
73.37781110280173,83.14949880227098,34.93206669526146,86.82142875478357,100.16274636911734,2.7266547289590397,56.1497322221932,0.3528235293199028,0.7502450379902669,1.7939664758798568,0.528015245791601,2,-4.013888888888889,91.35884703722347,0.17518295345198054,-0.17876455005453346,998.5175774700489,4.013888888888889,0.17876455005453346,True,,0.7576143324629316
73.39715803008855,61.49287874878994,21.898666233106283,85.8447135974718,105.36802420899785,2.727580883360059,58.69305062399694,0.3528235293199028,0.8398791394208196,0.9231304778237839,0.5280095406014882,2,-4.2316666666666665,96.5923770048903,0.7246386161950611,-0.17706486150315784,941.6514152290931,4.2316666666666665,0.17706486150315784,True,,0.8427877652109437
